1-letter code,3-letter code,Chemical formula,Monoisotopic,Average
A,Ala,C3H5ON,89.0476750638,89.09408
R,Arg,C6H12ON4,174.11167506380002,174.20278
N,Asn,C4H6O2N2,132.0534950638,132.11908
D,Asp,C4H5O3N,133.03750506379998,133.10388
C,Cys,C3H5ONS,121.0197550638,121.15408000000001
E,Glu,C5H7O3N,147.05315506379998,147.13078
Q,Gln,C5H8O2N2,146.06914506380002,146.14597999999998
G,Gly,C2H3ON,75.0320250638,75.06718000000001
H,His,C6H7ON3,155.06947506379998,155.15637999999998
I,Ile,C6H11ON,131.09462506379998,131.17468
L,Leu,C6H11ON,131.09462506379998,131.17468
K,Lys,C6H12ON2,146.10552506379997,146.18938
M,Met,C5H9ONS,149.0510550638,149.20788
F,Phe,C9H9ON,165.0789750638,165.19188
P,Pro,C5H7ON,115.06332506380001,115.13198
S,Ser,C3H5O2N,105.04259506380001,105.09348
T,Thr,C4H7O2N,119.0582450638,119.12038
W,Trp,C11H10ON2,204.08987506379998,204.22848
Y,Tyr,C9H9O2N,181.07389506380002,181.19127999999998
V,Val,C5H9ON,117.0789750638,117.14788
